phase,channel,window_s,method,windows,valid_windows,valid_fraction,mae_valid_bpm,rmse_valid_bpm,bias_valid_bpm,penalized_mae_bpm,invalid_windows
sitting,pressure,5,Autokorelacja,23,23,1.0,4.02694938294714,4.639300512591165,1.5464941908733338,4.02694938294714,0
sitting,pressure,5,FFT,23,23,1.0,4.738022550057504,6.4972567247498105,-2.411918604628432,4.738022550057504,0
sitting,pressure,5,Maksima,23,6,0.2608695652173913,2.3650793650793656,3.4227242909975137,-1.2539682539682537,11.921325051759835,17
sitting,pressure,5,Minima,23,8,0.34782608695652173,3.6378787878787877,4.655049390687984,3.4378787878787875,12.56969696969697,15
sitting,pressure,5,Przejścia przez zero,23,12,0.5217391304347826,3.914574787986767,4.901292045416967,1.277212150624129,9.2162998893844,11
sitting,pressure,10,Autokorelacja,22,22,1.0,13.070313935719502,18.255227905914072,3.6918510280623575,13.070313935719502,0
sitting,pressure,10,FFT,22,22,1.0,6.331241124757401,7.939602327005845,-4.534013916361695,6.331241124757401,0
sitting,pressure,10,Maksima,22,22,1.0,2.914824360078573,3.996077915847602,0.32099602256861215,2.914824360078573,0
sitting,pressure,10,Minima,22,19,0.8636363636363636,5.0052399992116,6.60806686796212,0.772142558925456,5.913616362955472,3
sitting,pressure,10,Przejścia przez zero,22,22,1.0,4.261511594519878,5.661311934527044,0.2723642765636034,4.261511594519878,0
sitting,pressure,20,Autokorelacja,20,20,1.0,19.785096086949753,22.597459112414167,6.2967220948684295,19.785096086949753,0
sitting,pressure,20,FFT,20,20,1.0,6.987451177801231,7.913939717895498,-5.02379940344226,6.987451177801231,0
sitting,pressure,20,Maksima,20,20,1.0,4.842499156965612,6.534896234985789,0.2795905500605732,4.842499156965612,0
sitting,pressure,20,Minima,20,20,1.0,4.947935189460957,6.954927276359025,0.7985442765168413,4.947935189460957,0
sitting,pressure,20,Przejścia przez zero,20,20,1.0,5.98270997954421,8.08937445395375,0.617434203306739,5.98270997954421,0
sitting,temperature_left,5,Autokorelacja,23,23,1.0,4.017551753807438,4.637750014854057,1.233814210814229,4.017551753807438,0
sitting,temperature_left,5,FFT,23,23,1.0,4.852579025467385,6.762586958001498,-2.8772848126790205,4.852579025467385,0
sitting,temperature_left,5,Maksima,23,9,0.391304347826087,5.686026220579996,9.069531697019585,5.508248442802218,12.224966781966083,14
sitting,temperature_left,5,Metoda nachylenia,23,17,0.7391304347826086,5.647058823529412,6.773651374345779,-4.9411764705882355,8.956521739130435,6
sitting,temperature_left,5,Minima,23,6,0.2608695652173913,2.4201595943882697,3.6699734701959152,-1.7768847405870993,11.935693807231726,17
sitting,temperature_left,5,Przejścia przez zero,23,11,0.4782608695652174,3.1341815723154465,3.905699343788087,2.584686622820497,10.19460857806391,12
sitting,temperature_left,10,Autokorelacja,22,22,1.0,10.310793305923067,15.160509910371927,0.4503350778748446,10.310793305923067,0
sitting,temperature_left,10,FFT,22,22,1.0,5.374445786289112,6.552166331482903,-2.254051347980901,5.374445786289112,0
sitting,temperature_left,10,Maksima,22,19,0.8636363636363636,4.88869497477428,6.556828895714455,1.8823072104917786,5.812963841850514,3
sitting,temperature_left,10,Metoda nachylenia,22,22,1.0,5.636363636363637,6.105139414683933,-4.0,5.636363636363637,0
sitting,temperature_left,10,Minima,22,22,1.0,3.1812921129109473,4.492814031393941,0.24050129085362765,3.1812921129109473,0
sitting,temperature_left,10,Przejścia przez zero,22,20,0.9090909090909091,3.993761573064306,4.831817563635733,0.24579399434236154,4.539783248240277,2
sitting,temperature_left,20,Autokorelacja,20,20,1.0,13.870875883091767,17.009721697988628,-2.8799667921826773,13.870875883091767,0
sitting,temperature_left,20,FFT,20,20,1.0,6.029846599339665,6.834363949559812,-4.0206891389151975,6.029846599339665,0
sitting,temperature_left,20,Maksima,20,20,1.0,5.219877169029386,7.035819611019176,0.36171708250979095,5.219877169029386,0
sitting,temperature_left,20,Metoda nachylenia,20,20,1.0,5.8,6.44980619863884,-3.2,5.8,0
sitting,temperature_left,20,Minima,20,20,1.0,4.515117783995477,6.03651103212095,0.42675363537608924,4.515117783995477,0
sitting,temperature_left,20,Przejścia przez zero,20,20,1.0,5.050826815988605,6.3223924193340615,-0.053688813573995554,5.050826815988605,0
sitting,temperature_right,5,Autokorelacja,23,23,1.0,4.1676464727609766,4.798997580412247,1.406651404684156,4.1676464727609766,0
sitting,temperature_right,5,FFT,23,23,1.0,4.803989087077799,6.868454200847055,-3.008538993437668,4.803989087077799,0
sitting,temperature_right,5,Maksima,23,8,0.34782608695652173,3.347607655502392,4.520913301759558,2.8976076555023917,12.033950488870397,15
sitting,temperature_right,5,Metoda nachylenia,23,23,1.0,4.956521739130435,6.324555320336759,-3.739130434782609,4.956521739130435,0
sitting,temperature_right,5,Minima,23,6,0.2608695652173913,3.100471485226476,4.624814443776068,-2.8373135904896336,12.113166474406908,17
sitting,temperature_right,5,Przejścia przez zero,23,12,0.5217391304347826,3.290305010893246,4.060167146274759,3.0338947544829895,9.977550440466041,11
sitting,temperature_right,10,Autokorelacja,22,22,1.0,11.830413608978954,16.90067521648266,1.988434832539012,11.830413608978954,0
sitting,temperature_right,10,FFT,22,22,1.0,5.476570017355532,6.655525374580162,-2.452239960979177,5.476570017355532,0
sitting,temperature_right,10,Maksima,22,19,0.8636363636363636,4.918863315619231,6.457345798675501,0.7510674733803092,5.83901831803479,3
sitting,temperature_right,10,Metoda nachylenia,22,22,1.0,5.2727272727272725,5.830951894845301,-2.6363636363636362,5.2727272727272725,0
sitting,temperature_right,10,Minima,22,22,1.0,3.235099140888734,4.542926253982796,0.3085519833266533,3.235099140888734,0
sitting,temperature_right,10,Przejścia przez zero,22,20,0.9090909090909091,4.177559576805903,4.9711794354413295,0.33207014266900553,4.706872342550821,2
sitting,temperature_right,20,Autokorelacja,20,20,1.0,14.035088422761044,16.780449275129023,-5.75327024094286,14.035088422761044,0
sitting,temperature_right,20,FFT,20,20,1.0,6.463614431810933,7.508666105938032,-3.9777834006760586,6.463614431810933,0
sitting,temperature_right,20,Maksima,20,20,1.0,5.6160457195769125,7.350531747523543,0.14437145238525062,5.6160457195769125,0
sitting,temperature_right,20,Metoda nachylenia,20,20,1.0,4.75,5.6964901474504455,-2.15,4.75,0
sitting,temperature_right,20,Minima,20,20,1.0,4.427678758585293,5.877091195570508,0.7725764700570334,4.427678758585293,0
sitting,temperature_right,20,Przejścia przez zero,20,20,1.0,5.122639446437292,6.523132081589152,0.3010364210458878,5.122639446437292,0
sitting,tensometric,5,Autokorelacja,23,23,1.0,4.045567037948651,4.609858751560758,1.4070090790764238,4.045567037948651,0
sitting,tensometric,5,FFT,23,23,1.0,5.02779634054551,6.679246401084841,-2.178985157989519,5.02779634054551,0
sitting,tensometric,5,Maksima,23,6,0.2608695652173913,2.131161236424395,3.356131794514113,-1.4878863826232245,11.860302931241147,17
sitting,tensometric,5,Minima,23,7,0.30434782608695654,3.0864498909611693,3.932904957716966,2.474204993001986,12.461093445075138,16
sitting,tensometric,5,Przejścia przez zero,23,11,0.4782608695652174,3.71866304880659,4.208185564278915,0.34649985846158093,9.60457797986402,12
sitting,tensometric,10,Autokorelacja,22,22,1.0,12.858477437549148,17.903645513853043,3.341265274155285,12.858477437549148,0
sitting,tensometric,10,FFT,22,22,1.0,6.514953344720186,7.959460515529581,-4.289264776553901,6.514953344720186,0
sitting,tensometric,10,Maksima,22,20,0.9090909090909091,3.1642330162656487,4.331712755008594,0.14546707632323752,4.240211832968772,2
sitting,tensometric,10,Minima,22,17,0.7727272727272727,4.837254250598992,6.864914430725239,0.06852340987417731,6.6924237390992225,5
sitting,tensometric,10,Przejścia przez zero,22,20,0.9090909090909091,4.260816809457337,5.8072598009417264,0.40729973829320676,5.237106190415761,2
sitting,tensometric,20,Autokorelacja,20,20,1.0,20.401571032353836,22.981356219992144,5.680247149464346,20.401571032353836,0
sitting,tensometric,20,FFT,20,19,0.95,8.24193994602352,9.696115361204244,-3.198484335949321,9.079842948722343,1
sitting,tensometric,20,Maksima,20,18,0.9,4.849559190838976,6.588336585797838,0.8174605546245558,6.364603271755078,2
sitting,tensometric,20,Minima,20,18,0.9,5.402088217210503,7.349853917316381,0.9163341520011596,6.861879395489453,2
sitting,tensometric,20,Przejścia przez zero,20,19,0.95,6.426714281709668,8.42078733958577,0.3419006449743982,7.105378567624184,1
walking,pressure,5,Autokorelacja,24,24,1.0,4.00008281777255,4.911782221225039,1.0279501229218022,4.00008281777255,0
walking,pressure,5,FFT,24,24,1.0,4.275135769135184,5.204207570153903,-2.1952409485541584,4.275135769135184,0
walking,pressure,5,Maksima,24,9,0.375,2.845134722327705,4.471997014030161,1.9158417930347755,10.858592187539557,15
walking,pressure,5,Minima,24,10,0.4166666666666667,6.851812132211407,9.67710184090241,6.21544849584777,12.64658838842142,14
walking,pressure,5,Przejścia przez zero,24,15,0.625,6.5591838288753,8.01402496597072,1.7721777315243736,8.891156559713728,9
walking,pressure,10,Autokorelacja,24,24,1.0,9.249518027366532,13.803312837081592,1.2872828179057143,9.249518027366532,0
walking,pressure,10,FFT,24,24,1.0,6.1344881790551,7.822423267259077,-2.0218582321029577,6.1344881790551,0
walking,pressure,10,Maksima,24,23,0.9583333333333334,4.308522542690096,5.957345844941051,2.24515289159666,4.545667436744675,1
walking,pressure,10,Minima,24,22,0.9166666666666666,5.586770743388832,8.289357319320771,3.3194188959124777,6.162873181439761,2
walking,pressure,10,Przejścia przez zero,24,22,0.9166666666666666,4.458176431478336,6.0888939848949635,1.448387712531883,5.336661728855141,2
walking,pressure,20,Autokorelacja,24,24,1.0,16.714707675264993,20.633158417437045,3.0297616358426906,16.714707675264993,0
walking,pressure,20,FFT,24,24,1.0,7.283712033295454,9.049821799331122,-3.7830065487778164,7.283712033295454,0
walking,pressure,20,Maksima,24,24,1.0,4.589034636860724,6.558058352552977,2.8289565922999205,4.589034636860724,0
walking,pressure,20,Minima,24,24,1.0,4.661224248461277,6.913531578781748,2.2043439686132404,4.661224248461277,0
walking,pressure,20,Przejścia przez zero,24,24,1.0,5.272748422512069,6.876462625162751,0.7498586000949533,5.272748422512069,0
walking,temperature_left,5,Autokorelacja,4,4,1.0,4.774725274725274,5.228719932853108,4.774725274725274,4.774725274725274,0
walking,temperature_left,5,FFT,4,4,1.0,4.007464239748099,4.615413409563155,1.0073115813097573,4.007464239748099,0
walking,temperature_left,5,Maksima,4,0,0.0,,,,12.5,4
walking,temperature_left,5,Metoda nachylenia,4,4,1.0,2.5,2.5495097567963922,-0.5,2.5,0
walking,temperature_left,5,Minima,4,0,0.0,,,,12.5,4
walking,temperature_left,5,Przejścia przez zero,4,2,0.5,4.664750957854407,5.031954817079751,4.664750957854407,8.582375478927204,2
walking,temperature_left,10,Autokorelacja,4,4,1.0,3.44190966266438,3.97902648286484,-1.7752429959977132,3.44190966266438,0
walking,temperature_left,10,FFT,4,4,1.0,5.400364148714855,6.5206392244848805,-3.5041603752414847,5.400364148714855,0
walking,temperature_left,10,Maksima,4,3,0.75,8.327006327006325,10.527311903672418,5.599733599733599,8.745254745254744,1
walking,temperature_left,10,Metoda nachylenia,4,4,1.0,3.0,3.082207001484488,-0.5,3.0,0
walking,temperature_left,10,Minima,4,3,0.75,6.008281573498965,7.170595165461569,5.151138716356107,7.0062111801242235,1
walking,temperature_left,10,Przejścia przez zero,4,3,0.75,2.523458523458523,2.546579301805423,2.523458523458523,4.392593892593892,1
walking,temperature_left,20,Autokorelacja,4,4,1.0,12.928398843681236,19.412251736291935,6.071601156318764,12.928398843681236,0
walking,temperature_left,20,FFT,4,4,1.0,4.633996844076156,5.102796504909319,-3.997891685688582,4.633996844076156,0
walking,temperature_left,20,Maksima,4,4,1.0,2.6036712557363373,3.029169084655079,0.2100542344597418,2.6036712557363373,0
walking,temperature_left,20,Metoda nachylenia,4,4,1.0,2.25,3.2015621187164243,-1.25,2.25,0
walking,temperature_left,20,Minima,4,4,1.0,2.612893642305407,3.964762504460107,1.7305407011289362,2.612893642305407,0
walking,temperature_left,20,Przejścia przez zero,4,4,1.0,2.493589023093351,2.9942557684157767,0.8472475596787166,2.493589023093351,0
walking,temperature_right,5,Autokorelacja,4,4,1.0,5.328571428571428,5.781779967435351,5.328571428571428,5.328571428571428,0
walking,temperature_right,5,FFT,4,4,1.0,4.32829611576904,4.988859235799276,1.451701773681761,4.32829611576904,0
walking,temperature_right,5,Maksima,4,0,0.0,,,,12.5,4
walking,temperature_right,5,Metoda nachylenia,4,4,1.0,2.5,2.5495097567963922,-0.5,2.5,0
walking,temperature_right,5,Minima,4,0,0.0,,,,12.5,4
walking,temperature_right,5,Przejścia przez zero,4,2,0.5,4.9603174603174605,5.419246144344311,4.9603174603174605,8.730158730158731,2
walking,temperature_right,10,Autokorelacja,4,4,1.0,10.671899529042385,16.853201412111382,7.68524332810047,10.671899529042385,0
walking,temperature_right,10,FFT,4,4,1.0,4.190164849922736,4.567208823351374,0.5988237995787902,4.190164849922736,0
walking,temperature_right,10,Maksima,4,3,0.75,8.327006327006325,10.527311903672418,5.599733599733599,8.745254745254744,1
walking,temperature_right,10,Metoda nachylenia,4,4,1.0,3.0,3.082207001484488,-0.5,3.0,0
walking,temperature_right,10,Minima,4,4,1.0,4.218487394957983,5.634693469607186,3.2815126050420167,4.218487394957983,0
walking,temperature_right,10,Przejścia przez zero,4,3,0.75,4.78417459549535,5.339239477893185,4.78417459549535,6.088130946621512,1
walking,temperature_right,20,Autokorelacja,4,4,1.0,21.491304347826087,27.1016660457889,16.508695652173913,21.491304347826087,0
walking,temperature_right,20,FFT,4,4,1.0,5.419321625865145,5.501311038525363,-5.419321625865145,5.419321625865145,0
walking,temperature_right,20,Maksima,4,4,1.0,2.6975931289323882,3.271938937860594,0.25022470787975637,2.6975931289323882,0
walking,temperature_right,20,Metoda nachylenia,4,4,1.0,3.25,4.031128874149275,0.25,3.25,0
walking,temperature_right,20,Minima,4,4,1.0,2.804460245636716,4.312054667865219,1.426308985132514,2.804460245636716,0
walking,temperature_right,20,Przejścia przez zero,4,4,1.0,2.6363636363636362,3.0189847379599457,0.8506493506493507,2.6363636363636362,0
walking,tensometric,5,Autokorelacja,24,24,1.0,4.105031073476117,5.0042968440356805,1.0402614204711693,4.105031073476117,0
walking,tensometric,5,FFT,24,24,1.0,4.163978817272121,5.504480078336615,-2.1758164650278125,4.163978817272121,0
walking,tensometric,5,Maksima,24,8,0.3333333333333333,4.471606387510278,6.6627513021535245,4.221606387510278,11.907202129170093,16
walking,tensometric,5,Minima,24,10,0.4166666666666667,5.442827657378741,7.898308488973047,4.606464021015103,10.809511523907808,14
walking,tensometric,5,Przejścia przez zero,24,15,0.625,7.654999846064313,9.87301600526008,3.9345483834839152,9.784374903790196,9
walking,tensometric,10,Autokorelacja,24,24,1.0,9.83667757345872,14.553958244386306,0.3703116738531076,9.83667757345872,0
walking,tensometric,10,FFT,24,24,1.0,5.715141360266908,7.310562453470187,-2.7005347417205936,5.715141360266908,0
walking,tensometric,10,Maksima,24,22,0.9166666666666666,4.149745369917408,5.605960086892785,1.7913488122633632,4.637266589090957,2
walking,tensometric,10,Minima,24,22,0.9166666666666666,4.289928286635437,6.101591168530677,2.031271751077898,4.765767596082484,2
walking,tensometric,10,Przejścia przez zero,24,22,0.9166666666666666,4.906976877423504,6.325992873249326,1.8598951478199617,5.331395470971545,2
walking,tensometric,20,Autokorelacja,24,24,1.0,17.52252546307069,21.116293950041047,2.3556565080654424,17.52252546307069,0
walking,tensometric,20,FFT,24,24,1.0,7.0432272012670945,8.824638099626764,-2.4015350797692006,7.0432272012670945,0
walking,tensometric,20,Maksima,24,24,1.0,4.99136806830595,6.941639042389772,2.489418079185004,4.99136806830595,0
walking,tensometric,20,Minima,24,24,1.0,4.817248843619378,6.724695098026648,2.1482868881067954,4.817248843619378,0
walking,tensometric,20,Przejścia przez zero,24,24,1.0,4.887451807216125,6.440264093167594,0.819571403904793,4.887451807216125,0
